time,value,
1676675219,0.4286748193123474,
1676675221,0.07422656525392424,
1676675223,0.23916743587797917,
1676675225,0.10749426988820332,
1676675227,0.6622740512669039,
